City_ID,City,Country,Lat,Lng,Max Temp,Humidity,Cloudiness,Wind Speed,Current Description
0,Ushuaia,AR,-54.8,-68.3,51.8,62,20,26.46,few clouds
1,Saskylakh,RU,71.9167,114.0833,-38.56,78,35,7.99,scattered clouds
2,Porto+Novo,BJ,6.4965,2.6036,83.95,72,19,11.52,few clouds
3,Bintulu,MY,3.1667,113.0333,78.8,94,20,2.3,few clouds
4,Pevek,RU,69.7008,170.3133,-32.48,85,44,3.8,scattered clouds
5,Shieli,KZ,44.1667,66.75,36.82,74,100,8.14,overcast clouds
6,Mataura,NZ,-46.1927,168.8643,48.0,80,50,8.01,scattered clouds
7,Pacifica,US,37.6138,-122.4869,51.01,81,75,6.17,broken clouds
8,Barda,AZ,40.3744,47.1267,42.75,89,100,5.73,overcast clouds
9,Butaritari,KI,3.0707,172.7902,80.69,78,94,17.05,overcast clouds
10,Kodiak,US,57.79,-152.4072,32.0,55,1,25.32,clear sky
11,Sirari,TZ,-1.2333,34.4333,67.15,76,98,2.64,overcast clouds
12,Cidreira,BR,-30.1811,-50.2056,85.26,67,35,8.57,scattered clouds
13,Sitka,US,57.0531,-135.33,37.4,60,75,6.91,broken clouds
14,Payakumbuh,ID,-0.2202,100.6308,69.46,84,100,0.98,overcast clouds
15,Alice+Springs,AU,-23.7,133.8833,86.0,32,90,14.97,overcast clouds
16,Ilulissat,GL,69.2167,-51.1,3.2,60,40,8.05,scattered clouds
17,Svetlograd,RU,45.3353,42.8547,35.6,87,40,11.18,scattered clouds
18,Rikitea,PF,-23.1203,-134.9692,79.07,74,74,10.8,light rain
19,Xian,CN,34.2583,108.9286,42.01,74,0,4.47,clear sky
20,Nemuro,JP,43.3236,145.575,22.05,92,100,15.75,overcast clouds
21,Taganak,PH,6.0833,118.3,80.6,83,40,13.8,scattered clouds
22,Saint-Philippe,RE,-21.3585,55.7679,80.6,69,0,4.61,light rain
23,Mugur-Aksy,RU,50.35,90.5,2.16,84,16,10.04,few clouds
24,Tuktoyaktuk,CA,69.4541,-133.0374,-36.4,67,20,2.1,few clouds
25,Isangel,VU,-19.55,169.2667,76.17,78,7,9.28,clear sky
26,Victoria,HK,22.2855,114.1577,62.01,77,1,16.87,clear sky
27,Harper,LR,4.375,-7.7169,81.84,78,54,9.35,light rain
28,Bathsheba,BB,13.2167,-59.5167,84.2,61,40,14.97,scattered clouds
29,Albany,US,42.6001,-73.9662,16.0,51,0,1.01,clear sky
30,Havoysund,NO,70.9963,24.6622,26.6,93,75,21.85,light intensity drizzle
31,Hobart,AU,-42.8794,147.3294,53.01,82,1,4.61,clear sky
32,Vredendal,ZA,-31.6683,18.5012,70.09,62,0,19.53,clear sky
33,Avarua,CK,-21.2078,-159.775,75.2,94,98,1.14,overcast clouds
34,Arraial+Do+Cabo,BR,-22.9661,-42.0278,93.2,48,0,19.57,clear sky
35,Upernavik,GL,72.7868,-56.1549,-9.78,86,2,7.78,clear sky
36,Punta+Arenas,CL,-53.15,-70.9167,57.2,51,40,27.63,scattered clouds
37,Buin,CL,-33.7333,-70.75,77.0,47,75,2.3,broken clouds
38,Aripuana,BR,-9.1667,-60.6333,83.61,75,92,3.51,overcast clouds
39,Celestun,MX,20.8667,-90.4,75.45,57,72,10.38,broken clouds
40,Castro,BR,-24.7911,-50.0119,72.63,86,90,5.97,overcast clouds
41,Groa,NO,62.65,8.7167,32.0,93,75,6.91,light snow
42,Wakkanai,JP,45.4094,141.6739,21.2,90,100,9.46,light snow
43,Dingle,PH,10.9995,122.6711,71.74,90,99,10.31,overcast clouds
44,Sindou,BF,10.6667,-5.1667,96.22,9,0,5.55,clear sky
45,Yellowknife,CA,62.456,-114.3525,-16.01,76,40,5.75,scattered clouds
46,Mar+Del+Plata,AR,-38.0023,-57.5575,64.4,55,90,23.02,overcast clouds
47,Thinadhoo,MV,0.5333,72.9333,82.02,78,100,16.26,overcast clouds
48,Roma,US,43.2128,-75.4557,12.99,67,90,4.61,overcast clouds
49,Poum,NC,-20.2333,164.0167,78.08,77,65,15.99,broken clouds
50,Hermanus,ZA,-34.4187,19.2345,72.0,76,0,3.0,clear sky
51,Umarkot,PK,25.3616,69.7362,63.0,25,0,9.93,clear sky
52,Venado+Tuerto,AR,-33.7456,-61.9688,70.0,86,100,20.0,overcast clouds
53,Busselton,AU,-33.65,115.3333,68.0,63,0,1.99,clear sky
54,East+London,ZA,-33.0153,27.9116,73.4,83,75,10.36,broken clouds
55,Lagoa,PT,39.05,-27.9833,62.37,90,8,31.09,clear sky
56,Koppies,ZA,-27.2418,27.5742,71.78,65,77,4.34,broken clouds
57,San+Cristobal,VE,7.7669,-72.225,82.4,61,40,11.5,scattered clouds
58,Khatanga,RU,71.9667,102.5,-45.35,77,4,1.59,clear sky
59,Ixtapa,MX,20.7,-105.2,75.2,64,1,4.61,clear sky
60,Usogorsk,RU,63.4106,48.6872,23.63,97,100,7.58,overcast clouds
61,Erenhot,CN,43.6475,111.9767,15.04,90,0,11.9,clear sky
62,Aksarka,RU,66.5606,67.7975,-21.77,85,100,10.2,overcast clouds
63,Mahebourg,MU,-20.4081,57.7,78.8,83,75,6.91,moderate rain
64,Puerto+Ayora,EC,-0.7393,-90.3518,84.2,70,0,14.97,clear sky
65,Chokurdakh,RU,70.6333,147.9167,-28.93,85,3,7.11,clear sky
66,Georgetown,MY,5.4112,100.3354,80.6,83,20,3.44,few clouds
67,Luderitz,NA,-26.6481,15.1594,73.74,47,0,28.3,clear sky
68,Borova,UA,50.1763,30.1043,27.0,100,90,5.12,light snow
69,Kaitangata,NZ,-46.2817,169.8464,45.0,91,20,3.0,few clouds
70,Kapaa,US,22.0752,-159.319,71.6,88,40,17.27,moderate rain
71,Palauig,PH,15.435,119.9045,72.88,68,85,9.8,overcast clouds
72,Ribeira+Grande,PT,38.5167,-28.7,66.2,88,75,17.27,broken clouds
73,Ahipara,NZ,-35.1667,173.1667,55.22,79,0,4.94,clear sky
74,Tuatapere,NZ,-46.1333,167.6833,48.0,80,69,8.01,broken clouds
75,Tromso,NO,69.6496,18.957,19.0,79,0,4.56,clear sky
76,Itarema,BR,-2.9248,-39.9167,86.94,60,78,18.1,broken clouds
77,Husavik,IS,66.0449,-17.3389,19.4,63,75,6.91,broken clouds
78,Port+Alfred,ZA,-33.5906,26.891,70.0,85,0,1.01,clear sky
79,Carnarvon,AU,-24.8667,113.6333,82.4,65,30,10.36,scattered clouds
80,Atuona,PF,-9.8,-139.0333,78.44,77,38,17.0,light rain
81,Tuy+Hoa,VN,13.0833,109.3,70.7,88,60,6.89,broken clouds
82,Zhob,PK,31.3411,69.4481,51.28,39,5,2.42,clear sky
83,La+Grande,US,45.3246,-118.0877,37.99,93,34,8.46,scattered clouds
84,Vaini,TO,-21.2,-175.2,73.4,94,90,4.61,light rain
85,Pujili,EC,-0.95,-78.6833,59.0,67,75,18.41,broken clouds
86,Barrow,US,71.2906,-156.7887,-7.6,77,90,9.22,overcast clouds
87,Lompoc,US,34.6391,-120.4579,46.99,93,1,4.61,clear sky
88,Vila+Franca+Do+Campo,PT,37.7167,-25.4333,64.99,94,75,14.97,broken clouds
89,Danjiangkou,CN,32.5428,111.5086,47.1,52,33,0.72,scattered clouds
90,Mirabad,AF,30.4362,61.8383,60.03,26,69,5.73,broken clouds
91,Haines+Junction,CA,60.7522,-137.5108,-11.2,77,100,1.14,overcast clouds
92,Faya,SA,18.3851,42.4509,60.8,63,0,4.61,clear sky
93,Dunedin,NZ,-45.8742,170.5036,54.0,81,25,4.0,scattered clouds
94,Luneville,FR,48.6,6.5,48.2,93,90,3.44,overcast clouds
95,Marzuq,YE,14.4,46.4667,64.18,66,0,5.64,clear sky
96,Bethel,US,41.3712,-73.414,21.99,45,1,8.05,clear sky
97,Sechura,PE,-5.5569,-80.8222,83.68,49,7,8.01,clear sky
98,Labuhan,ID,-6.8844,112.2051,77.49,85,100,6.82,light rain
99,Thompson,CA,55.7435,-97.8558,10.4,92,90,2.3,light snow
100,Bluff,NZ,-46.6,168.3333,48.0,80,59,8.01,broken clouds
101,Formosa+Do+Rio+Preto,BR,-11.0483,-45.1931,94.59,27,9,8.08,clear sky
102,Dzaoudzi,YT,-12.7887,45.2699,78.8,89,0,5.75,clear sky
103,Leningradskiy,RU,69.3833,178.4167,-26.91,84,82,2.08,broken clouds
104,Cedar+City,US,37.6775,-113.0619,28.4,69,1,2.8,clear sky
105,Deputatskiy,RU,69.3,139.9,-32.35,86,97,1.86,overcast clouds
106,Abu+Kamal,SY,34.4506,40.9171,53.38,45,48,8.12,scattered clouds
107,Nakskov,DK,54.8373,11.1284,32.0,83,2,1.01,clear sky
108,Yulara,AU,-25.2406,130.9889,87.8,35,90,17.27,overcast clouds
109,Hilo,US,19.7297,-155.09,66.2,94,90,5.75,moderate rain
110,Maceio,BR,-9.6658,-35.7353,84.2,70,75,12.66,broken clouds
111,Nyurba,RU,63.2842,118.3319,-37.52,81,100,2.89,overcast clouds
112,Cayenne,GF,4.9333,-52.3333,80.6,89,75,10.36,moderate rain
113,Mayo,US,38.8876,-76.5119,35.01,40,1,8.05,clear sky
114,Bredasdorp,ZA,-34.5322,20.0403,72.0,76,0,3.0,clear sky
115,Kamakwie,SL,9.5,-12.2333,100.15,15,0,4.79,clear sky
116,Kropotkin,RU,45.4375,40.5756,39.31,82,59,9.19,broken clouds
117,Bengkulu,ID,-3.8004,102.2655,75.81,88,100,6.93,light rain
118,Camana,PE,-16.6228,-72.7111,75.45,60,24,10.33,few clouds
119,Luau,AO,-10.7073,22.2247,70.56,89,58,4.23,light rain
120,Hami,CN,42.8,93.45,22.19,83,0,1.57,clear sky
121,Igarka,RU,67.4667,86.5833,-34.51,76,0,4.85,clear sky
122,Ponta+Do+Sol,PT,32.6667,-17.1,64.0,73,39,4.0,scattered clouds
123,Vila+Velha,BR,-20.3297,-40.2925,87.8,55,20,17.27,few clouds
124,Abha,SA,18.2164,42.5053,60.8,63,0,4.61,clear sky
125,Sherlovaya+Gora,RU,50.5667,116.25,-21.24,90,100,4.79,overcast clouds
126,Torbay,CA,47.6666,-52.7314,30.99,86,90,18.41,overcast clouds
127,Samarai,PG,-10.6167,150.6667,82.63,75,100,16.4,moderate rain
128,Mount+Gambier,AU,-37.8333,140.7667,55.4,88,5,6.91,clear sky
129,Ranong,TH,9.9658,98.6348,74.84,86,19,4.56,few clouds
130,Jamestown,US,42.097,-79.2353,25.0,79,90,4.9,light snow
131,Urengoy,RU,65.9667,78.3667,-29.2,82,97,8.75,overcast clouds
132,Kalabagh,PK,32.965,71.557,53.37,38,0,1.59,clear sky
133,Penzance,GB,50.1186,-5.5371,51.8,100,75,12.66,broken clouds
134,Cape+Town,ZA,-33.9258,18.4232,78.8,47,20,11.5,few clouds
135,Astoria,US,46.1879,-123.8313,44.6,93,90,4.61,moderate rain
136,Sal+Rei,CV,16.1833,-22.9167,77.0,65,0,19.57,clear sky
137,Kultayevo,RU,57.8943,55.9392,26.6,93,90,8.95,overcast clouds
138,Calvinia,ZA,-31.4707,19.776,73.31,37,0,10.65,clear sky
139,Saint-Pierre,RE,-21.3393,55.4781,80.6,69,0,4.61,light rain
140,Cururupu,BR,-1.8283,-44.8683,87.75,59,48,8.88,scattered clouds
141,Clyde+River,CA,70.4692,-68.5914,-20.2,76,1,5.91,clear sky
142,Talnakh,RU,69.4865,88.3972,-30.91,71,0,5.64,clear sky
143,Watsa,CD,3.0372,29.5355,77.27,27,3,2.53,clear sky
144,San+Quintin,MX,30.4833,-115.95,57.83,55,3,4.07,clear sky
145,Shangrao,CN,28.4532,117.9686,51.94,71,99,0.54,overcast clouds
146,Pak+Phanang,TH,8.3511,100.202,77.61,84,19,8.7,few clouds
147,Coihaique,CL,-45.5752,-72.0662,66.2,39,20,10.36,few clouds
148,Dikson,RU,73.5069,80.5464,-35.57,82,29,9.35,scattered clouds
149,Pitanga,BR,-24.7572,-51.7614,69.93,96,100,2.24,light rain
150,Brokopondo,SR,4.75,-55.1667,81.64,76,57,10.6,broken clouds
151,Ketchikan,US,55.3422,-131.6461,35.6,93,90,6.91,light rain
152,Hofn,IS,64.2539,-15.2082,23.27,87,95,21.21,overcast clouds
153,Jacmel,HT,18.2342,-72.5347,84.2,48,20,6.91,few clouds
154,Princeton,US,25.5384,-80.4089,73.99,53,1,12.66,clear sky
155,Katsuura,JP,35.1333,140.3,41.0,70,20,5.75,few clouds
156,Komsomolskiy,UZ,40.4272,71.7189,42.8,28,98,4.61,overcast clouds
157,Planeta+Rica,CO,8.4147,-75.5883,87.71,49,9,5.93,clear sky
158,Margate,GB,51.3813,1.3862,39.99,90,100,4.0,overcast clouds
159,Zyryanka,RU,65.75,150.85,-31.85,83,100,10.85,overcast clouds
160,Fairbanks,US,64.8378,-147.7164,-7.6,77,90,1.39,light snow
161,Kiama,AU,-34.6833,150.8667,72.0,92,64,1.99,broken clouds
162,Guerrero,MX,17.6667,-100.0,77.94,32,100,3.69,overcast clouds
163,Novyy+Urengoy,RU,66.0833,76.6333,-30.32,83,100,12.01,overcast clouds
164,Sao+Joao+Da+Barra,BR,-21.6403,-41.0511,87.8,42,0,23.02,clear sky
165,Kutum,SD,14.2,24.6667,66.16,23,0,11.63,clear sky
166,Sarandi,BR,-23.4436,-51.8739,68.0,94,90,13.8,moderate rain
167,New+Norfolk,AU,-42.7826,147.0587,53.01,82,7,2.53,clear sky
168,Humaita,BR,-7.5061,-63.0208,93.04,51,78,3.58,broken clouds
169,Mitsamiouli,KM,-11.3847,43.2844,82.54,76,39,8.14,scattered clouds
170,Nikolskoye,RU,59.7035,30.7861,28.4,93,75,11.18,light snow
171,Dicabisagan,PH,17.0818,122.4157,70.12,80,98,10.29,overcast clouds
172,Esperance,AU,-33.8667,121.9,60.8,77,0,10.36,clear sky
173,Onda,ES,39.9667,-0.25,63.0,37,2,3.0,clear sky
174,Bukachacha,RU,52.9833,116.9167,-21.33,84,100,1.77,overcast clouds
175,Nabire,ID,-3.3667,135.4833,76.23,87,100,2.73,overcast clouds
176,Laguna,US,38.421,-121.4238,48.0,87,90,3.44,overcast clouds
177,Tasiilaq,GL,65.6145,-37.6368,15.8,41,75,17.27,broken clouds
178,San+Patricio,US,28.017,-97.5169,75.2,69,75,27.63,broken clouds
179,Kangaatsiaq,GL,68.3065,-53.4641,5.7,90,66,6.31,broken clouds
180,Sobolevo,RU,54.4299,31.8996,21.33,97,100,11.41,snow
181,Severo-Kurilsk,RU,50.6789,156.125,23.54,96,100,29.64,snow
182,Faridpur,BD,23.6,89.8333,69.8,64,20,9.22,haze
183,Fortuna,US,40.5982,-124.1573,51.01,71,75,23.02,broken clouds
184,Langsa,ID,4.4683,97.9683,73.78,94,51,2.24,broken clouds
185,San+Andres,CO,12.5847,-81.7006,84.2,70,40,16.11,scattered clouds
186,Trapani,IT,37.8333,12.6667,59.0,94,20,9.22,few clouds
187,Kahului,US,20.8947,-156.47,66.99,94,40,11.5,light rain
188,Karasjok,NO,69.4719,25.5112,17.6,93,75,10.36,light snow
189,Sosnovo-Ozerskoye,RU,52.5249,111.5418,-22.85,86,100,6.2,overcast clouds
190,Muravlenko,RU,63.7898,74.523,-22.97,85,100,16.06,overcast clouds
191,Envira,BR,-7.3,-70.2167,78.69,86,72,2.35,broken clouds
192,Capaci,IT,38.1711,13.2393,64.0,67,0,12.66,clear sky
193,Cascais,PT,38.6979,-9.4215,60.01,72,40,11.5,scattered clouds
194,Hasaki,JP,35.7333,140.8333,26.6,80,20,14.41,few clouds
195,Yumen,CN,40.2833,97.2,24.51,73,0,24.2,clear sky
196,Qaanaaq,GL,77.484,-69.3632,-5.24,72,99,1.83,overcast clouds
197,Taksimo,RU,56.3444,114.8794,-35.79,74,7,1.54,clear sky
198,Charters+Towers,AU,-20.1,146.2667,72.91,84,96,5.01,overcast clouds
199,Tevaitoa,PF,-16.7833,-151.5,80.46,68,30,3.42,scattered clouds
200,Port+Elizabeth,ZA,-33.918,25.5701,71.6,73,0,12.66,clear sky
201,Lasa,IT,46.6166,10.7002,41.0,75,0,3.44,clear sky
202,Cabo+San+Lucas,MX,22.8909,-109.9124,73.4,60,1,3.44,clear sky
203,Rio+Grande,BR,-32.035,-52.0986,84.2,74,75,11.5,broken clouds
204,Bara,NG,10.3744,10.7288,86.0,15,3,11.5,haze
205,San+Carlos+De+Bariloche,AR,-41.1456,-71.3082,71.6,23,20,4.61,few clouds
206,Kiunga,PG,-6.1219,141.2906,72.63,98,100,1.77,light rain
207,Akdepe,TM,42.0551,59.3788,44.6,57,98,6.91,haze
208,Berlevag,NO,70.8578,29.0864,25.77,96,100,23.53,light snow
209,Comodoro+Rivadavia,AR,-45.8667,-67.5,64.4,45,20,6.91,few clouds
210,Emba,KZ,48.8264,58.1442,16.56,93,20,5.32,few clouds
211,Talcahuano,CL,-36.7167,-73.1167,66.2,82,75,1.14,broken clouds
212,Norman+Wells,CA,65.282,-126.8329,-27.4,75,75,1.7,broken clouds
213,Gwadar,PK,25.1216,62.3254,69.17,63,0,9.24,clear sky
214,Bonavista,CA,48.6499,-53.1147,30.0,86,97,6.91,overcast clouds
215,Basco,PH,20.4487,121.9702,69.67,72,30,25.03,scattered clouds
216,Vestmannaeyjar,IS,63.4427,-20.2734,32.0,80,75,12.66,broken clouds
217,Balabac,PH,7.9868,117.0645,80.29,80,96,23.53,overcast clouds
218,Cherskiy,RU,68.75,161.3,-35.07,83,5,3.8,clear sky
219,Marsh+Harbour,BS,26.5412,-77.0636,65.62,60,53,11.56,broken clouds
220,Pangnirtung,CA,66.1451,-65.7125,-9.4,77,1,2.66,clear sky
221,Ancud,CL,-41.8697,-73.8203,66.2,48,0,6.91,clear sky
222,Kouango,CF,4.9934,19.9619,88.84,17,11,2.91,few clouds
223,Touros,BR,-5.1989,-35.4608,87.8,55,40,13.8,scattered clouds
224,Kununurra,AU,-15.7667,128.7333,78.8,100,100,6.38,overcast clouds
225,Marawi,PH,7.9986,124.2928,66.54,92,99,2.39,overcast clouds
226,Omboue,GA,-1.5746,9.2618,79.77,81,55,8.05,moderate rain
227,Vega+De+Alatorre,MX,20.0333,-96.6333,73.74,72,100,6.42,overcast clouds
228,Chuy,UY,-33.6971,-53.4616,84.74,48,7,11.48,clear sky
229,Pingliang,CN,35.5392,106.6861,29.95,74,99,1.97,overcast clouds
230,Northam,GB,51.0333,-4.2167,44.01,92,100,17.0,light rain
231,Novoagansk,RU,61.9449,76.6625,-22.32,85,100,10.87,overcast clouds
232,Faanui,PF,-16.4833,-151.75,80.44,69,70,1.86,broken clouds
233,Vila,PT,42.0304,-8.1588,46.99,94,99,14.0,overcast clouds
234,La+Romana,DO,18.4273,-68.9728,80.6,74,75,9.22,broken clouds
235,Solnechnyy,RU,50.7214,136.6319,-7.08,89,100,2.42,overcast clouds
236,Nikki,BJ,9.9401,3.2108,94.55,10,0,4.29,clear sky
237,Sorland,NO,67.667,12.6934,30.92,92,11,8.52,light snow
238,Lamar,US,33.6668,-95.5836,55.99,94,90,18.41,mist
239,Shimoda,JP,34.6667,138.95,35.01,76,0,1.99,clear sky
240,Beloha,MG,-25.1667,45.05,81.7,61,55,5.97,broken clouds
241,Vanavara,RU,60.34,102.2797,-41.78,79,3,4.41,clear sky
242,Sangar,RU,63.9242,127.4739,-49.65,76,79,1.23,broken clouds
243,Luanda,AO,-8.8368,13.2343,86.0,62,20,9.22,few clouds
244,Port-Gentil,GA,-0.7193,8.7815,86.0,74,40,10.36,scattered clouds
245,Marsa+Matruh,EG,31.3525,27.2453,71.6,37,0,17.27,clear sky
246,Camacha,PT,33.0833,-16.3333,62.6,100,75,12.66,broken clouds
247,Airai,TL,-8.9266,125.4092,61.68,100,100,5.01,light rain
248,Kavieng,PG,-2.5744,150.7967,82.31,77,41,14.34,scattered clouds
249,Tual,ID,-5.6667,132.75,83.37,74,100,10.07,overcast clouds
250,Bambous+Virieux,MU,-20.3428,57.7575,80.01,83,75,6.91,moderate rain
251,Colombo,LK,6.9319,79.8478,75.2,94,40,3.44,scattered clouds
252,Sistranda,NO,63.7256,8.834,32.0,93,90,16.11,snow
253,Waddan,LY,29.1614,16.139,66.18,26,0,5.64,clear sky
254,Abu+Dhabi,AE,24.4667,54.3667,73.4,56,0,3.44,clear sky
255,Namatanai,PG,-3.6667,152.4333,80.65,80,93,12.17,overcast clouds
256,San+Vicente,AR,-26.6167,-54.1333,68.9,100,99,5.48,overcast clouds
257,Aksu,CN,41.1231,80.2644,21.54,79,0,1.59,clear sky
258,Peniche,PT,39.3558,-9.3811,57.99,72,69,15.01,broken clouds
259,Toyooka,JP,35.5333,134.8333,40.46,82,93,4.61,overcast clouds
260,Paamiut,GL,61.994,-49.6678,31.15,87,92,8.19,overcast clouds
261,Kloulklubed,PW,7.0419,134.2556,78.8,83,75,6.91,broken clouds
262,Sao+Felix+Do+Xingu,BR,-6.6447,-51.995,89.2,52,92,4.27,overcast clouds
263,Madimba,TZ,-10.4,40.3333,79.52,84,12,8.1,few clouds
264,Yarke+Pole,UA,45.608,34.3172,42.76,67,75,7.23,broken clouds
265,Bereda,ES,43.2686,-7.5406,48.0,96,88,7.0,light rain
266,Whitehorse,CA,60.7161,-135.0538,-9.0,84,40,0.6,scattered clouds
267,Nanortalik,GL,60.1432,-45.2371,36.12,77,100,16.73,overcast clouds
268,Pamfila,GR,39.1567,26.5217,53.6,82,40,9.22,scattered clouds
269,Assiniboia,CA,49.6334,-105.9845,3.2,85,63,4.61,broken clouds
270,Srednekolymsk,RU,67.45,153.6833,-40.7,81,65,2.17,broken clouds
271,Mandalgovi,MN,45.7625,106.2708,16.21,87,90,13.51,overcast clouds
272,Goure,NE,13.9835,10.2704,79.0,12,7,4.0,clear sky
273,Saldanha,ZA,-33.0117,17.9442,67.3,81,0,13.49,clear sky
274,Cap+Malheureux,MU,-19.9842,57.6142,80.01,80,0,3.0,clear sky
275,Narsaq,GL,60.9167,-46.05,41.0,30,75,35.68,broken clouds
276,Saint+George,US,37.1041,-113.5841,39.0,93,1,1.95,clear sky
277,Batagay-Alyta,RU,67.8006,130.4114,-32.15,81,100,1.41,overcast clouds
278,Hithadhoo,MV,-0.6,73.0833,82.89,75,78,13.2,broken clouds
279,Soledade,BR,-28.8183,-52.5103,72.61,97,76,9.1,broken clouds
280,Guantanamo,CU,20.1444,-75.2092,82.4,51,20,13.8,few clouds
281,Nandigama,IN,16.7833,80.3,77.0,73,40,3.44,mist
282,Amboise,FR,47.4125,0.9827,51.01,93,90,11.5,overcast clouds
283,Berbera,SO,10.4396,45.0143,75.74,73,29,8.28,scattered clouds
284,Kavaratti,IN,10.5669,72.642,81.41,69,65,7.29,broken clouds
285,Maldonado,UY,-34.6667,-54.9167,79.0,78,90,20.71,overcast clouds
286,Nizhnevartovsk,RU,60.9344,76.5531,-23.8,69,0,13.42,clear sky
287,Vardo,NO,70.3705,31.1107,30.2,86,75,24.16,light snow
288,Meulaboh,ID,4.1363,96.1285,76.37,82,78,4.56,broken clouds
289,Abashiri,JP,44.0213,144.2697,21.99,81,100,8.01,light snow
290,Grand+Gaube,MU,-20.0064,57.6608,80.01,80,0,3.0,clear sky
291,Hirara,JP,24.8,125.2833,65.37,59,75,15.99,broken clouds
292,Lubumbashi,CD,-11.6609,27.4794,67.66,88,100,1.3,overcast clouds
293,Bestobe,KZ,52.4994,73.0975,16.59,92,100,9.98,overcast clouds
294,Huntsville,US,34.7304,-86.5861,46.4,46,90,9.22,overcast clouds
295,Port+Lincoln,AU,-34.7333,135.8667,59.63,81,9,12.73,clear sky
296,Kruisfontein,ZA,-34.0033,24.7314,72.0,69,0,7.0,clear sky
297,Luangwa,ZM,-15.6167,30.4167,76.48,85,93,1.52,overcast clouds
298,Viedma,AR,-40.8135,-62.9967,75.99,33,60,11.21,broken clouds
299,Polson,US,47.6936,-114.1632,32.0,37,89,7.25,overcast clouds
300,Mazamari,PE,-11.3258,-74.5308,74.93,79,97,2.89,light rain
301,Tongchuan,CN,35.0806,109.0897,36.39,63,91,5.08,overcast clouds
302,Preobrazheniye,RU,42.9019,133.9064,1.83,84,1,10.25,clear sky
303,Opunake,NZ,-39.4556,173.8583,48.99,95,0,8.61,clear sky
304,Grenaa,DK,56.4158,10.8783,32.0,93,75,6.91,broken clouds
305,Kasongo,CD,-4.45,26.6667,73.76,91,66,3.4,light rain
306,Isla+Vista,US,34.4133,-119.861,53.01,76,20,3.51,few clouds
307,Adre,TD,13.4667,22.2,75.02,19,0,9.35,clear sky
308,Avera,US,33.194,-82.5271,48.2,40,1,10.36,clear sky
309,Takapau,NZ,-40.0333,176.35,46.0,90,14,2.53,few clouds
310,High+Rock,BS,26.6208,-78.2833,66.2,55,75,13.8,broken clouds
311,Codrington,AU,-38.2667,141.9667,55.89,81,20,4.72,few clouds
312,Prince+Rupert,CA,54.3161,-130.3201,39.2,87,90,6.91,overcast clouds
313,Liling,CN,27.6667,113.5,50.0,81,75,2.24,broken clouds
314,Winnemucca,US,40.973,-117.7357,33.8,69,90,9.22,overcast clouds
315,Tabory,RU,58.5198,64.5495,19.54,97,100,6.71,overcast clouds
316,San+Jose,US,37.3394,-121.895,48.2,76,75,3.76,broken clouds
317,Esso,RU,55.9333,158.7,7.95,88,100,6.17,light snow
318,Guiratinga,BR,-16.3494,-53.7583,90.0,46,22,7.65,few clouds
319,Zhezkazgan,KZ,47.8043,67.7144,18.19,95,100,8.93,overcast clouds
320,Portland,US,45.5234,-122.6762,45.0,81,90,19.57,overcast clouds
321,Tabuk,PH,17.4189,121.4443,63.09,87,80,3.47,light rain
322,San+Juan,AR,-31.5375,-68.5364,73.99,44,73,13.76,broken clouds
323,Souillac,MU,-20.5167,57.5167,78.8,89,75,5.75,broken clouds
324,Tilichiki,RU,60.4667,166.1,-10.55,92,100,20.09,light snow
325,Kasama,ZM,-10.2129,31.1808,67.21,80,90,1.72,overcast clouds
326,Puksoozero,RU,62.5903,40.6066,17.33,97,99,5.79,overcast clouds
327,Beringovskiy,RU,63.05,179.3167,-12.86,89,100,14.94,overcast clouds
328,Scarborough,GB,54.2797,-0.4044,37.0,74,100,5.01,overcast clouds
329,Vavatenina,MG,-17.4667,49.2,74.66,91,98,1.19,light rain
330,Venosa,IT,40.9613,15.8149,57.2,51,0,8.05,clear sky
331,Beloomut,RU,54.9448,39.3394,23.9,96,100,12.41,overcast clouds
332,Udachnyy,RU,66.4167,112.4,-35.99,78,22,8.81,few clouds
333,Acarau,BR,-2.8856,-40.12,87.13,60,74,19.08,broken clouds
334,North+Bend,US,43.4065,-124.2243,45.0,100,90,5.75,overcast clouds
335,Omsukchan,RU,62.5333,155.8,-31.63,80,100,7.0,overcast clouds
336,Provideniya,RU,64.3833,-173.3,-11.69,83,61,6.85,broken clouds
337,Los+Llanos+De+Aridane,ES,28.6585,-17.9182,68.0,68,75,14.97,broken clouds
338,Belyy+Yar,RU,53.6039,91.3903,-14.8,70,0,8.95,clear sky
339,Saint+Anthony,US,45.0205,-93.218,30.2,64,90,8.05,light snow
340,Krasnoselkup,RU,65.7,82.4667,-33.3,78,36,8.03,scattered clouds
341,Kirkwall,GB,58.9848,-2.9587,35.6,75,75,4.61,broken clouds
342,Cairns,AU,-16.9167,145.7667,75.2,83,100,4.41,overcast clouds
343,Dalvik,IS,65.9702,-18.5286,19.4,63,75,6.91,broken clouds
344,Viru,PE,-8.4167,-78.75,73.4,73,0,12.66,clear sky
345,Longyearbyen,SJ,78.2186,15.6401,-2.2,50,20,21.85,few clouds
346,Port+Hardy,CA,50.6996,-127.4199,41.0,100,75,4.61,moderate rain
347,Tartagal,AR,-22.5164,-63.8013,96.84,37,0,6.29,clear sky
348,Sompeta,IN,18.9333,84.6,73.0,71,0,1.32,clear sky
349,Acambaro,MX,20.0333,-100.7333,73.0,45,40,1.48,scattered clouds
350,Agadez,NE,19.75,10.25,60.93,28,0,1.74,clear sky
351,Acapulco,MX,16.8634,-99.8901,89.6,43,75,3.44,broken clouds
352,Waipawa,NZ,-41.4122,175.5153,51.8,87,56,3.44,broken clouds
353,Halifax,CA,44.6453,-63.5724,24.01,74,100,10.36,overcast clouds
354,Flin+Flon,CA,54.7682,-101.865,12.2,85,90,2.3,light snow
355,Lebu,CL,-37.6167,-73.65,62.31,70,4,9.33,clear sky
356,Gallup,US,35.5281,-108.7426,28.4,74,1,17.27,clear sky
357,Shache,CN,38.4167,77.2406,25.29,83,0,4.56,clear sky
358,Makakilo+City,US,21.3469,-158.0858,71.6,83,1,3.44,light rain
359,Kabalo,CD,-6.05,26.9167,75.38,88,54,3.18,light rain
360,Aswan,EG,24.0934,32.907,61.88,31,0,10.07,clear sky
361,Lebanon,US,36.2081,-86.2911,46.0,57,100,12.1,overcast clouds
362,Vegreville,CA,53.5001,-112.0518,-2.2,77,0,5.75,clear sky
363,Alugan,PH,12.2188,125.4808,78.53,78,78,18.25,broken clouds
364,Itaituba,BR,-4.2761,-55.9836,92.95,46,27,4.97,scattered clouds
365,Quarai,BR,-30.3875,-56.4514,91.42,46,88,7.43,overcast clouds
366,Qasigiannguit,GL,68.8193,-51.1922,3.2,60,40,8.05,scattered clouds
367,Puerto+Madero,MX,14.7208,-92.4215,87.8,55,1,6.49,clear sky
368,San+Antonio,US,29.4241,-98.4936,66.99,77,75,5.75,broken clouds
369,Rocha,UY,-34.4833,-54.3333,84.7,38,80,15.59,broken clouds
370,Nome,US,64.5011,-165.4064,-13.0,77,1,6.91,clear sky
371,Kandrian,PG,-6.2167,149.55,81.28,79,100,16.46,overcast clouds
372,Duayaw+Nkwanta,GH,7.1724,-2.1028,91.24,35,82,0.69,broken clouds
373,Lumeje,AO,-11.55,20.7833,74.16,74,80,5.08,broken clouds
374,Itoman,JP,26.1247,127.6694,59.0,63,20,8.05,few clouds
375,Broken+Hill,AU,-31.95,141.4333,71.6,40,81,12.66,broken clouds
376,Morehead,US,37.2711,-87.1764,44.01,56,90,6.91,overcast clouds
377,Chingirlau,KZ,51.095,54.0814,18.25,97,86,3.62,overcast clouds
378,Redmond,US,47.674,-122.1215,43.0,90,98,6.62,overcast clouds
379,Farmington,US,36.7281,-108.2187,36.0,64,1,20.71,clear sky
380,Knokke-Heist,BE,51.3333,3.3333,35.6,80,20,19.57,light rain and snow
381,Panambi,BR,-28.2925,-53.5017,78.26,87,80,15.05,broken clouds
382,Kunda,IN,25.7167,81.5167,52.81,44,0,4.74,clear sky
383,Ulaangom,MN,49.9811,92.0667,-0.58,82,7,1.03,clear sky
384,Nenton,GT,15.8,-91.75,69.8,49,20,13.8,few clouds
385,Chumikan,RU,54.7183,135.315,-13.49,82,100,21.45,overcast clouds
386,Muros,ES,42.7762,-9.0603,55.99,72,100,5.99,overcast clouds
387,Bijie,CN,27.3125,105.2942,38.23,89,99,4.61,overcast clouds
388,Podporozhye,RU,60.9112,34.1706,23.2,98,100,6.02,light snow
389,Handan,CN,36.6006,114.4678,45.59,45,100,4.81,overcast clouds
390,Vaitape,PF,-16.5167,-151.75,80.4,69,67,1.9,broken clouds
391,Bilibino,RU,68.0546,166.4372,-26.7,80,2,5.3,clear sky
392,Padang,ID,-0.9492,100.3543,78.13,72,100,4.92,overcast clouds
393,Iqaluit,CA,63.7506,-68.5145,-9.0,64,20,19.57,snow
394,Lata,PT,40.1629,-8.3327,55.99,86,85,7.0,overcast clouds
395,Luan,CH,46.3592,6.9759,41.0,94,100,2.98,light rain
396,Lagos,NG,6.5833,3.75,85.05,67,0,9.15,clear sky
397,Atherton,GB,53.5237,-2.4935,39.99,61,100,11.99,overcast clouds
398,Peterhead,GB,57.5058,-1.7981,35.01,80,3,4.61,clear sky
399,Zalantun,CN,48.0,122.7167,-14.1,85,75,1.59,broken clouds
400,Manggar,ID,-2.8833,108.2667,79.68,84,97,12.3,overcast clouds
401,Gatton,AU,-27.55,152.2833,70.0,88,40,1.61,scattered clouds
402,Rognan,NO,67.0953,15.3878,19.99,67,72,8.99,broken clouds
403,Westport,US,41.1415,-73.3579,25.0,42,1,12.66,clear sky
404,Sunrise+Manor,US,36.2111,-115.0731,46.99,76,1,3.29,clear sky
405,Trincomalee,LK,8.5711,81.2335,79.34,83,61,13.6,broken clouds
406,Charlestown,AU,-32.95,151.6667,70.0,97,42,2.28,scattered clouds
407,Zastron,ZA,-30.3023,27.084,73.17,34,3,4.36,clear sky
408,Coquimbo,CL,-29.9533,-71.3436,68.0,73,20,14.97,few clouds
409,Anadyr,RU,64.75,177.4833,-7.6,59,0,8.95,clear sky
410,Bonthe,SL,7.5264,-12.505,84.88,64,23,12.28,few clouds
411,Luocheng,CN,29.3848,104.0286,51.64,66,94,4.41,overcast clouds
412,Mettur,IN,11.8,77.8,75.81,60,10,1.57,clear sky
413,Torres,BR,-29.3353,-49.7269,82.44,72,100,6.85,overcast clouds
414,Kudahuvadhoo,MV,2.6708,72.8944,81.28,76,43,11.97,scattered clouds
415,Spanish+Fork,US,40.115,-111.6549,37.0,87,90,3.02,overcast clouds
416,Xalpatlahuac,MX,17.4667,-98.6167,71.31,42,99,3.65,overcast clouds
417,Payson,US,40.0444,-111.7321,37.0,87,90,3.89,overcast clouds
418,Cocobeach,GA,1.0002,9.5823,84.2,79,40,6.91,moderate rain
419,Methoni,GR,36.8197,21.7049,55.4,62,20,14.47,few clouds
420,Rio+Gallegos,AR,-51.6226,-69.2181,64.4,34,75,18.41,broken clouds
421,Lorengau,PG,-2.0226,147.2712,81.9,81,100,12.68,overcast clouds
422,Muskogee,US,35.5834,-95.3336,53.6,94,90,14.97,mist
423,Dezful,IR,32.3811,48.4058,53.62,51,4,7.09,clear sky
424,Alofi,NU,-19.0595,-169.9187,75.2,100,100,6.91,light rain
425,Walvis+Bay,NA,-22.9575,14.5053,71.6,64,44,10.36,scattered clouds
426,Rouvroy,FR,50.3925,2.904,39.99,93,90,16.11,light intensity drizzle
427,Caravelas,BR,-17.7125,-39.2481,85.01,53,6,9.28,clear sky
428,Augusto+Correa,BR,-1.0217,-46.635,80.76,88,90,7.78,overcast clouds
429,Terrace+Bay,CA,48.7834,-87.1,12.2,79,20,5.75,few clouds
430,Matamoros,MX,25.5333,-103.25,73.4,33,75,6.91,broken clouds
431,Sept-Iles,CA,50.2001,-66.3821,17.01,52,24,6.91,few clouds
432,Mojoagung,ID,-7.5667,112.35,78.8,83,20,10.36,few clouds
433,Callaguip,PH,18.0714,120.4867,69.67,70,36,11.16,scattered clouds
434,Bandarbeyla,SO,9.4942,50.8122,75.02,71,0,14.38,clear sky
435,Belaya+Gora,RU,68.5333,146.4167,-34.13,84,40,3.71,scattered clouds
436,Pasighat,IN,28.0667,95.3333,57.06,65,74,2.51,broken clouds
437,Veisiejai,LT,54.1,23.7,24.06,97,100,7.11,overcast clouds
438,Galle,LK,6.0367,80.217,77.56,86,100,2.44,overcast clouds
439,Nara,JP,34.6851,135.8049,43.0,52,8,5.75,clear sky
440,Taoudenni,ML,22.6783,-3.9836,85.64,13,0,9.46,clear sky
441,Bambanglipuro,ID,-7.95,110.2833,75.54,87,100,3.31,heavy intensity rain
442,Nanakuli,US,21.3906,-158.1547,71.01,83,1,3.44,light rain
443,Buraydah,SA,26.326,43.975,59.0,55,0,4.61,clear sky
444,Shubarshi,KZ,48.5872,57.1869,17.94,95,65,5.37,broken clouds
445,El+Cobre,CU,20.0489,-75.9469,80.6,50,20,9.22,few clouds
446,Santa+Clara,CU,22.4,-79.9667,73.4,49,40,19.57,light rain
447,Linguere,SN,15.3953,-15.1193,98.6,13,0,4.61,clear sky
448,Korla,CN,41.7597,86.1469,25.0,79,0,5.93,clear sky
449,Suntar,RU,62.1444,117.6319,-39.15,80,100,2.59,overcast clouds
450,Manakara,MG,-22.1333,48.0167,79.81,80,11,9.37,few clouds
451,Byron+Bay,AU,-28.65,153.6167,73.4,88,40,2.82,fog
452,Yangcun,CN,39.3639,117.0603,26.6,74,40,11.18,scattered clouds
453,Saint-Francois,FR,46.4154,3.9054,51.8,82,90,2.3,overcast clouds
454,Axim,GH,4.8699,-2.2405,82.9,74,40,8.3,light rain
455,Pundaguitan,PH,6.3711,126.1689,80.42,77,100,21.05,overcast clouds
456,Tukrah,LY,32.5341,20.5791,61.54,87,0,11.81,clear sky
457,Gautier,US,30.3858,-88.6117,64.4,59,90,9.22,overcast clouds
458,Ruteng,ID,-8.6136,120.4721,63.88,100,100,4.59,overcast clouds
459,Anta,IN,25.15,76.3,58.33,33,0,2.35,clear sky
460,Sao+Jose+Da+Coroa+Grande,BR,-8.8978,-35.1478,83.46,66,93,10.65,overcast clouds
461,Tiznit,MA,29.5833,-9.5,63.79,53,0,9.24,clear sky
462,Two+Hills,CA,53.7169,-111.7518,-2.2,100,0,8.05,clear sky
463,Kamaishi,JP,39.2667,141.8833,27.05,91,5,8.3,clear sky
464,Do+Gonbadan,IR,30.3586,50.7981,51.8,82,20,3.13,few clouds
465,Ust-Maya,RU,60.4167,134.5333,-39.05,80,100,0.65,overcast clouds
466,Pasco,US,28.292,-82.4165,71.01,56,75,3.0,broken clouds
467,Gorele,TR,41.0308,39.0031,48.2,76,0,9.22,clear sky
468,Severodvinsk,RU,64.5635,39.8302,23.0,93,90,6.71,light snow
469,Kyaukse,MM,21.6,96.1333,66.6,37,80,4.05,broken clouds
470,Kurmanayevka,RU,52.5093,52.0675,21.49,95,66,10.56,broken clouds
471,Kargasok,RU,59.0556,80.8572,-25.44,84,95,6.76,overcast clouds
472,Pedernales,DO,18.0384,-71.744,80.22,59,6,6.96,clear sky
473,Kalia,BD,23.0396,89.6328,60.78,39,0,6.04,clear sky
474,Kainantu,PG,-6.2887,145.8655,62.44,93,100,3.6,light rain
475,Baykit,RU,61.67,96.37,-34.37,75,14,2.28,few clouds
476,Tura,IN,25.5198,90.2201,53.01,40,0,1.52,clear sky
477,Samoded,RU,63.6083,40.5111,12.0,97,99,5.64,overcast clouds
478,Shingu,JP,33.7333,135.9833,40.71,79,18,5.55,few clouds
479,Requena,ES,39.4883,-1.1004,62.01,59,0,1.99,clear sky
480,Terrace,CA,54.5163,-128.6035,21.2,73,90,25.32,snow
481,Colares,PT,38.7992,-9.4469,60.01,72,40,11.5,scattered clouds
482,Hihya,EG,30.6713,31.588,64.4,34,0,16.11,clear sky
483,Yar-Sale,RU,66.8333,70.8333,-25.02,86,100,15.86,light snow
484,Amahai,ID,-3.3333,128.9167,78.66,82,100,4.59,overcast clouds
485,Raudeberg,NO,61.9875,5.1352,33.01,93,93,7.81,snow
486,Kassala,SD,15.451,36.4,76.1,49,0,14.74,clear sky
487,Inuvik,CA,68.3499,-133.7218,-29.2,75,100,1.14,overcast clouds
488,Pemberton,CA,50.3164,-122.8027,28.99,93,90,2.3,light snow
489,Quatre+Cocos,MU,-20.2078,57.7625,80.01,89,75,5.75,broken clouds
490,Mehamn,NO,71.0357,27.8492,26.04,97,100,22.15,light snow
491,Pisco,PE,-13.7,-76.2167,77.0,78,0,11.5,clear sky
492,Kieta,PG,-6.2167,155.6333,81.48,80,88,14.12,light rain
493,Santa+Isabel+Do+Rio+Negro,BR,-0.4139,-65.0192,91.99,49,53,6.44,broken clouds
494,Cockburn+Town,TC,21.4612,-71.1419,72.36,66,39,17.47,scattered clouds
495,Neryungri,RU,56.6709,124.6491,-35.84,80,100,1.05,overcast clouds
496,Tautira,PF,-17.7333,-149.15,78.8,69,75,5.75,light rain
497,La+Ronge,CA,55.1001,-105.2842,8.6,78,52,2.3,broken clouds
498,Mankono,CI,8.0586,-6.1897,98.19,21,10,3.85,clear sky
499,Kallaste,EE,58.655,27.1592,24.01,86,90,8.05,light snow
500,Naze,JP,28.3667,129.4833,51.26,67,0,8.75,clear sky
501,Plettenberg+Bay,ZA,-34.0527,23.3716,70.05,68,3,4.41,clear sky
502,Yeppoon,AU,-23.1333,150.7333,75.2,78,21,6.91,few clouds
503,Okato,NZ,-39.2,173.8833,48.99,68,0,8.01,clear sky
504,Magadan,RU,59.5667,150.8,-18.63,77,24,12.06,few clouds
505,Alyangula,AU,-13.8483,136.4192,80.6,94,61,14.97,broken clouds
506,Antofagasta,CL,-23.65,-70.4,73.99,60,20,12.66,few clouds
507,Ust-Nera,RU,64.5667,143.2,-23.87,77,100,5.86,overcast clouds
508,Lakselv,NO,70.0513,24.9718,17.6,93,75,10.36,light snow
509,Mnogovershinnyy,RU,53.9353,139.9242,-10.7,90,100,3.44,overcast clouds
510,Merauke,ID,-8.4667,140.3333,79.59,85,100,11.12,light rain
511,Hambantota,LK,6.1241,81.1185,78.17,83,90,11.77,overcast clouds
512,Kontagora,NG,10.3999,5.4695,94.05,10,0,1.1,clear sky
513,Namikupa,TZ,-10.8333,39.6,73.96,94,69,6.53,moderate rain
514,Champerico,GT,14.3,-91.9167,86.0,58,20,9.22,few clouds
515,Daoukro,CI,7.0591,-3.9631,95.41,32,73,1.83,broken clouds
516,Oistins,BB,13.0667,-59.5333,84.2,61,40,14.97,scattered clouds
517,Parana,AR,-31.732,-60.5238,73.99,80,100,11.7,overcast clouds
518,Fort+Nelson,CA,58.8053,-122.7002,-25.6,75,40,1.12,scattered clouds
519,Nouadhibou,MR,20.931,-17.0347,87.8,19,68,12.66,broken clouds
520,Te+Anau,NZ,-45.4167,167.7167,43.03,86,54,1.59,broken clouds
521,Lavrentiya,RU,65.5833,-171.0,-19.25,83,0,6.73,clear sky
522,Oussouye,SN,12.485,-16.5469,98.6,58,0,6.91,clear sky
523,Gladstone,AU,-23.85,151.25,75.2,78,40,8.05,light rain
524,Strezhevoy,RU,60.7333,77.5889,-23.8,69,0,13.42,clear sky
525,Thunder+Bay,CA,48.4001,-89.3168,24.01,86,90,10.36,overcast clouds
526,Boyolangu,ID,-8.1181,111.8935,74.75,88,100,4.43,moderate rain
527,Toba+Tek+Singh,PK,30.9743,72.4827,53.51,35,16,3.36,few clouds
528,Providencia,MX,28.7167,-111.5833,61.0,69,0,10.0,clear sky
529,Fez,MA,34.0372,-4.9998,57.2,94,75,9.22,broken clouds
530,Jalu,LY,29.0331,21.5482,66.79,34,0,9.75,clear sky
531,Bucerias,MX,20.75,-105.3333,75.2,64,1,4.61,clear sky
532,Villamontes,BO,-21.25,-63.5,101.52,28,0,8.86,clear sky
533,Zhicheng,CN,30.2956,111.5047,46.99,74,55,2.28,broken clouds
534,Olafsvik,IS,64.8945,-23.7142,23.52,91,36,20.65,scattered clouds
535,Shaunavon,CA,49.6501,-108.4181,14.0,92,6,8.05,clear sky
536,Sydney,AU,-33.8679,151.2073,72.0,94,40,24.16,scattered clouds
537,Necochea,AR,-38.5473,-58.7368,68.0,48,100,15.14,overcast clouds
538,Longfeng,CN,46.55,125.1167,-13.4,87,24,7.56,few clouds
539,Kampene,CD,-3.6,26.6667,74.44,85,93,1.57,light rain
540,Trelleborg,SE,55.3751,13.1569,30.99,74,40,8.05,scattered clouds
541,Beni+Mazar,EG,28.4962,30.8029,55.96,38,0,6.76,clear sky
542,Sur,OM,22.5667,59.5289,67.6,57,0,9.82,clear sky
543,Vostok,RU,46.4856,135.8833,-18.76,88,100,3.62,overcast clouds
544,Manta,EC,-0.95,-80.7333,77.0,94,90,3.44,light rain
545,Yagodnoye,RU,62.55,149.6667,-26.41,82,100,4.16,overcast clouds
546,Henties+Bay,NA,-22.116,14.2845,68.0,83,33,3.0,scattered clouds
547,Figeac,FR,44.75,1.9167,46.0,93,100,3.0,overcast clouds
548,Ahuimanu,US,21.4447,-157.8378,73.4,73,75,9.22,light rain
549,Anito,PH,12.4497,125.2886,77.32,80,93,13.82,overcast clouds
550,Dwarka,IN,22.2394,68.9678,69.17,50,0,15.17,clear sky
551,Ati,TD,13.2154,18.3353,83.28,15,0,9.89,clear sky
552,Half+Moon+Bay,US,37.4636,-122.4286,50.0,87,90,6.11,overcast clouds
553,Kifri,IQ,34.6959,44.9661,49.08,60,21,1.77,few clouds
554,Sarangani,PH,5.4033,125.4636,81.54,75,100,24.07,overcast clouds
555,Rotunda,RO,43.9833,24.3167,48.0,70,0,10.36,clear sky
556,Irondequoit,US,43.2134,-77.5797,21.99,76,100,5.99,overcast clouds
557,Riyadh,SA,24.6877,46.7219,62.6,29,0,8.05,clear sky
558,Ulladulla,AU,-35.35,150.4667,66.99,100,90,11.5,light intensity drizzle
559,Asau,RO,46.4333,26.4,41.0,70,0,6.91,clear sky
560,Serebryansk,KZ,49.6925,83.2892,-5.8,84,2,2.24,mist
561,Gravelbourg,CA,49.8834,-106.5512,5.0,78,23,4.61,few clouds
562,Zhigansk,RU,66.7697,123.3711,-47.2,75,96,4.07,overcast clouds
563,Sterling,US,39.0062,-77.4286,34.0,40,1,6.91,clear sky
564,Samfya,ZM,-11.3649,29.5565,70.84,80,97,3.6,light rain
565,Richards+Bay,ZA,-28.783,32.0377,77.79,80,85,6.76,overcast clouds
566,Volkhovskiy,RU,58.58,31.3164,24.53,98,96,7.65,light snow
567,Cordoba,AR,-31.4135,-64.1811,68.0,77,90,17.27,overcast clouds
568,Salalah,OM,17.0151,54.0924,73.4,56,20,3.44,few clouds
569,Kalianget,ID,-7.05,113.9333,78.66,84,100,12.68,light rain
570,Wasco,US,35.5941,-119.341,48.2,87,1,3.33,clear sky
571,Saint-Louis,SN,16.3333,-15.0,98.6,10,0,2.3,clear sky
572,Mariestad,SE,58.7097,13.8237,21.0,93,0,7.65,clear sky
573,Belmonte,BR,-15.8631,-38.8828,86.0,70,75,5.75,broken clouds
574,Williams+Lake,CA,52.1415,-122.1445,21.2,86,40,6.91,scattered clouds
575,Arica,CL,-18.475,-70.3042,75.2,57,0,13.8,clear sky
576,Zharkovskiy,RU,55.849,32.2697,22.1,97,100,8.68,snow
577,Ryotsu,JP,38.0833,138.4333,35.85,91,97,14.92,light rain
578,Aklavik,CA,68.2191,-135.0107,-22.0,69,75,2.3,broken clouds
579,Lao+Cai,VN,22.4833,103.95,60.91,81,98,0.98,overcast clouds
580,Pizarro,CO,4.9533,-77.366,84.43,67,48,3.91,scattered clouds
581,Maputo,MZ,-25.9653,32.5892,86.0,66,40,14.97,scattered clouds
582,Iberia,US,29.9502,-91.7507,69.01,82,90,11.5,overcast clouds
583,Nizhniy+Tsasuchey,RU,50.5167,115.1333,-13.81,88,100,5.57,overcast clouds
584,Benghazi,LY,32.1167,20.0667,63.7,81,0,10.4,clear sky
585,Guerrero+Negro,MX,27.9769,-114.0611,61.14,54,0,12.1,clear sky
586,Fukuma,JP,33.7667,130.4667,42.8,70,20,8.05,few clouds
587,Ruidoso,US,33.3317,-105.673,36.0,35,1,16.11,clear sky
588,Souris,CA,49.6172,-100.2612,23.0,93,90,6.91,light snow
589,Urucara,BR,-2.5364,-57.76,86.83,68,13,4.54,few clouds
590,Nantucket,US,41.2835,-70.0995,19.99,68,20,14.97,few clouds
591,Puerto+Escondido,MX,15.85,-97.0667,84.2,74,1,5.75,clear sky
592,Kharan,PK,28.5833,65.4167,60.4,22,0,2.75,clear sky
593,Grindavik,IS,63.8424,-22.4338,26.6,74,40,20.71,scattered clouds
594,Singaparna,ID,-7.3515,108.111,71.44,88,100,3.27,overcast clouds
595,Cerrito,CO,6.8432,-72.694,82.4,54,20,5.75,few clouds
596,Mahajanga,MG,-15.7167,46.3167,82.4,74,40,13.8,scattered clouds
597,Tiksi,RU,71.6872,128.8694,-26.36,86,100,5.57,overcast clouds
598,Najran,SA,17.4924,44.1277,75.2,23,0,6.91,clear sky
599,Goderich,CA,43.7501,-81.7165,26.6,68,100,8.05,overcast clouds
600,Verkhnevilyuysk,RU,63.4453,120.3167,-40.36,81,100,2.21,overcast clouds
601,Tavda,RU,58.0425,65.2726,17.69,97,100,6.85,overcast clouds
602,Puerto+Del+Rosario,ES,28.5004,-13.8627,68.0,73,0,19.57,clear sky
603,Ozernovskiy,RU,51.5,156.5167,13.15,95,100,12.8,light snow
604,Sungaipenuh,ID,-2.0833,101.3833,64.02,93,100,3.6,overcast clouds
605,Russell,US,32.3502,-85.1999,55.4,44,1,10.36,clear sky
606,Calabar,NG,4.9517,8.322,84.72,65,85,9.69,overcast clouds
607,Kamalpur,IN,24.2,91.8333,58.53,53,0,2.24,clear sky
608,Kingaroy,AU,-26.5333,151.8333,62.6,94,19,3.44,few clouds
609,Khorixas,NA,-20.3667,14.9667,80.11,44,73,11.12,broken clouds
610,Santa+Cruz,BO,-17.8,-63.1667,82.02,67,93,20.89,overcast clouds
611,Bud,US,39.447,-86.1758,33.01,69,100,12.26,overcast clouds
612,Kimbe,PG,-5.5502,150.1429,77.92,87,93,4.7,light rain
613,Gigmoto,PH,13.7796,124.39,75.6,81,98,15.75,overcast clouds
614,Namibe,AO,-15.1961,12.1522,75.81,71,88,12.17,overcast clouds
615,Kawalu,ID,-7.3817,108.2082,72.19,89,100,3.24,overcast clouds
616,Jackson,US,42.4165,-122.8345,42.01,81,40,4.61,scattered clouds
617,Panaba,MX,21.2833,-88.2667,77.65,60,21,12.12,few clouds
618,Taltal,CL,-25.4,-70.4833,71.69,55,9,4.92,clear sky
619,Rimbey,CA,52.6334,-114.2353,1.4,71,0,1.14,clear sky
620,Seymchan,RU,62.8833,152.4333,-26.46,83,100,8.01,overcast clouds
621,Hondo,JP,32.45,130.2,42.01,81,22,8.99,few clouds
622,Vao,NC,-22.6667,167.4833,75.99,80,59,19.3,broken clouds
623,Shakawe,BW,-18.3667,21.85,76.62,78,66,3.22,light rain
624,Prieska,ZA,-29.6641,22.7474,90.5,10,0,10.2,clear sky
625,Goundam,ML,16.4145,-3.6708,89.19,11,0,9.86,clear sky
626,Iskateley,RU,67.6803,53.1512,2.32,93,100,14.54,light snow
627,Muncar,ID,-8.4333,114.3333,76.03,87,100,3.06,moderate rain
628,Egvekinot,RU,66.3167,-179.1667,-25.55,83,0,9.62,clear sky
629,Elmadag,TR,39.9208,33.2308,39.99,93,75,5.75,broken clouds
630,Osoyoos,CA,49.0331,-119.4524,35.6,93,98,4.61,overcast clouds
631,Ringe,DK,55.2451,10.4706,30.2,80,0,5.75,clear sky
632,Mangrol,IN,21.1167,70.1167,67.68,34,0,13.38,clear sky
633,Miraflores,MX,19.2167,-98.8083,66.2,39,40,3.44,scattered clouds
634,Rantepao,ID,-2.9701,119.8978,68.63,88,100,1.72,light rain
635,Hurricane,US,37.1753,-113.2899,39.0,93,1,1.7,clear sky
636,Qui+Nhon,VN,13.7667,109.2333,72.12,85,42,9.66,scattered clouds
637,Longonjo,AO,-12.9067,15.2533,72.01,59,86,6.33,overcast clouds
638,Bristol,US,41.8334,-71.1662,21.0,42,1,10.36,clear sky
639,Bari+Sadri,IN,24.4167,74.4667,56.44,34,0,5.03,clear sky
640,Neyshabur,IR,36.2133,58.7958,49.98,48,95,3.22,overcast clouds
641,San+Benedetto+Del+Tronto,IT,42.9456,13.8816,55.0,50,99,1.99,light rain
642,Encarnacion,PY,-27.3333,-55.9,89.6,54,75,9.22,broken clouds
643,Tommot,RU,58.9564,126.2925,-43.67,75,63,1.45,broken clouds
644,Thohoyandou,ZA,-22.9456,30.485,74.59,82,61,0.72,broken clouds
645,Yerbogachen,RU,61.2767,108.0108,-40.92,80,87,4.32,overcast clouds
646,Changli,CN,39.7042,119.1506,18.34,86,20,9.66,few clouds
647,Teshie,GH,5.5836,-0.1072,86.0,70,20,12.66,few clouds
648,Leshukonskoye,RU,64.8989,45.7622,20.03,97,100,7.58,overcast clouds
649,West+Plains,US,36.7281,-91.8524,43.0,87,90,10.36,mist
650,Morondava,MG,-20.2833,44.2833,82.85,75,17,6.91,few clouds
651,Laranjeiras+Do+Sul,BR,-25.4078,-52.4161,68.38,98,100,2.1,overcast clouds
652,Olga,RU,43.7444,135.2892,-2.31,81,0,10.85,clear sky
653,Hailar,CN,49.2,119.7,-19.25,86,100,5.64,overcast clouds
654,Pozo+Colorado,PY,-23.4923,-58.7972,88.52,54,89,10.78,overcast clouds
655,Juba,SS,4.8517,31.5825,91.02,21,35,5.57,scattered clouds
656,Novosibirsk,RU,55.0411,82.9344,-14.8,70,0,6.71,clear sky
657,Koygorodok,RU,60.445,50.9968,26.01,97,100,11.41,light snow
658,Eydhafushi,MV,5.1033,73.0708,81.43,70,42,10.11,scattered clouds
659,Hornepayne,CA,49.2138,-84.7705,8.28,91,31,3.38,scattered clouds
660,Mwinilunga,ZM,-11.7358,24.4293,67.62,86,99,1.72,light rain
661,Derzhavinsk,KZ,51.1,66.3167,19.09,94,100,9.75,overcast clouds
662,Balkanabat,TM,39.5108,54.3671,52.36,45,97,4.47,overcast clouds
663,Bartica,GY,6.4,-58.6167,80.6,94,75,13.8,broken clouds
664,Sinnamary,GF,5.3833,-52.95,80.24,86,90,14.99,moderate rain
665,Yaan,NG,7.3833,8.5667,94.93,10,0,4.92,clear sky
666,Toamasina,MG,-18.1667,49.3833,82.4,78,40,3.44,light rain
667,Cavalcante,BR,-13.7975,-47.4583,85.32,47,16,7.11,few clouds
668,Svetlaya,RU,46.5389,138.3297,0.86,84,100,13.09,overcast clouds
669,Sabang,ID,5.8933,95.3214,81.5,73,68,17.38,broken clouds
670,Ostersund,SE,63.1792,14.6357,3.2,85,75,0.81,broken clouds
671,Urumqi,CN,43.801,87.6005,3.2,92,15,1.63,fog
672,Banda+Aceh,ID,5.5577,95.3222,77.47,83,48,10.67,scattered clouds
673,Dakar,SN,14.6937,-17.4441,77.0,47,0,11.5,clear sky
674,Boa+Vista,BR,2.8197,-60.6733,89.6,48,75,10.36,broken clouds
675,Shizunai,JP,42.3339,142.3669,25.54,90,37,12.28,light snow
676,Red+Bank,US,40.3471,-74.0643,28.0,46,1,10.36,clear sky
677,Severnyy,RU,50.677,36.5532,28.4,93,90,11.18,snow
678,Monchegorsk,RU,67.9397,32.8739,12.99,78,100,3.69,overcast clouds
679,Mitu,CO,1.1983,-70.1733,81.77,88,77,3.11,broken clouds
680,Concepcion,CL,-36.827,-73.0498,66.2,82,75,1.14,broken clouds
681,Tezu,IN,27.9167,96.1667,58.33,52,29,3.91,scattered clouds
682,Makhalino,RU,53.0854,46.2211,20.48,97,64,7.11,broken clouds
683,Gazipur,BD,23.9981,90.423,69.8,64,20,9.22,haze
684,Ferkessedougou,CI,9.6,-5.2,98.04,9,0,5.39,clear sky
685,Vysokogornyy,RU,50.1167,139.15,-10.52,87,100,6.26,light snow
686,Nadvoitsy,RU,63.8667,34.3167,15.46,97,97,3.98,overcast clouds
687,Cam+Ranh,VN,11.9214,109.1591,75.2,69,20,10.36,few clouds
